id,ride_id,passenger_name,phone_number,passenger_id,start_latitude,start_longitude,destination_latitude,destination_longitude,create_at
9,84bd0c12-725a-4473-a476-6d7e67fde5cb,David Ruiz,9651062639,P1rkKYovuqvCP_gSAAAX0,16.60730923,-93.09720054,16.61075974,-93.09665532,2024-11-26 09:45:39
10,d33f0a2b-0053-4423-9b78-d0d66abdf217,David Ruiz,9651062639,P1rkKYovuqvCP_gSAAAX1,16.60832103,-93.08920849,16.61798918,-93.10172823,2024-11-27 14:57:59
11,80627261-6bb8-48cf-9163-17b93c9803a0,David Ruiz,9651062639,P1rkKYovuqvCP_gSAAAX2,16.61554637,-93.08885133,16.62475263,-93.09819452,2024-11-27 13:16:30
12,c436a9c6-bbf0-4eee-be78-8a055de9ac05,David Ruiz,9651062639,P1rkKYovuqvCP_gSAAAX3,16.60698783,-93.09250416,16.60853254,-93.09262111,2024-11-10 20:54:48
13,a7de3e7f-a6f8-4ed4-bbdb-cd6c046febc3,David Ruiz,9651062639,P1rkKYovuqvCP_gSAAAX4,16.61567711,-93.09534904,16.61927372,-93.10271623,2024-11-20 14:07:25
14,7f74f58e-f692-4af1-bdc2-d805ac0ee8ea,David Ruiz,9651062639,P1rkKYovuqvCP_gSAAAX5,16.61540614,-93.09220126,16.61898053,-93.08878106,2024-11-17 08:37:46
15,6318ff9f-1fa5-4409-8eea-1b3192a8e9bf,David Ruiz,9651062639,P1rkKYovuqvCP_gSAAAX6,16.61768196,-93.08911433,16.61413971,-93.08858869,2024-11-12 15:30:29
16,ef7a4bc6-7807-4886-919d-67835631c4ec,David Ruiz,9651062639,P1rkKYovuqvCP_gSAAAX7,16.61001806,-93.09105385,16.60974347,-93.10150576,2024-11-05 23:54:12
17,e020ae8c-eb2a-432d-b413-58039c3b2789,David Ruiz,9651062639,P1rkKYovuqvCP_gSAAAX8,16.61005456,-93.07956795,16.61986347,-93.09053545,2024-11-19 11:17:15
18,dae5429e-9dd2-4cff-864e-f0ec2dd1df58,David Ruiz,9651062639,P1rkKYovuqvCP_gSAAAX9,16.60968145,-93.09520791,16.62259185,-93.08573175,2024-11-16 22:42:10
19,9fbb1187-89ee-4339-9fe4-4b9d9bb83146,David Ruiz,9651062639,P1rkKYovuqvCP_gSAAAX10,16.62050651,-93.09124343,16.60994168,-93.09052573,2024-11-09 02:36:30
20,fa2a4e8a-0419-41f5-a6c0-d876820f9ee8,David Ruiz,9651062639,P1rkKYovuqvCP_gSAAAX11,16.61814102,-93.09532588,16.62203975,-93.08762368,2024-11-13 10:10:09
21,12fa058f-ce05-4e0c-b619-e9e21ed4cfcd,David Ruiz,9651062639,P1rkKYovuqvCP_gSAAAX12,16.60768579,-93.09056443,16.62354227,-93.08600206,2024-11-18 23:16:26
22,a66c135a-d0d3-4604-b246-0c7ddfa9f34f,David Ruiz,9651062639,P1rkKYovuqvCP_gSAAAX13,16.616444,-93.08601195,16.62041477,-93.08395541,2024-11-02 10:44:53
23,f75a0a62-bb86-4614-938e-90b03d612e98,David Ruiz,9651062639,P1rkKYovuqvCP_gSAAAX14,16.61428973,-93.08577631,16.61562306,-93.0844798,2024-11-20 09:45:00
24,6b16d9ae-38dc-488f-8de5-96afa8d7bd37,David Ruiz,9651062639,P1rkKYovuqvCP_gSAAAX15,16.62275879,-93.09482013,16.61418858,-93.09354036,2024-11-21 15:31:01
25,9a968d7b-ac76-4b09-8453-d078a4bb46fb,David Ruiz,9651062639,P1rkKYovuqvCP_gSAAAX16,16.61081895,-93.095165,16.61829366,-93.09900629,2024-11-03 17:17:02
26,15214147-8a42-4a1e-acab-837dd771eeab,David Ruiz,9651062639,P1rkKYovuqvCP_gSAAAX17,16.61355464,-93.09194977,16.60730198,-93.08583153,2024-11-02 06:26:52
27,471cab53-f3c0-4760-a3ff-e225849de28e,David Ruiz,9651062639,P1rkKYovuqvCP_gSAAAX18,16.61749296,-93.09708539,16.60805382,-93.09443224,2024-11-09 21:44:33
28,0b8f3ced-60e9-4ee3-be03-89c8240a46b7,David Ruiz,9651062639,P1rkKYovuqvCP_gSAAAX19,16.61466153,-93.07897063,16.62062308,-93.08712375,2024-11-02 12:40:06
29,26bf40ef-e6ea-4d10-ae3e-24e9019683b4,David Ruiz,9651062639,P1rkKYovuqvCP_gSAAAX20,16.6191218,-93.07952708,16.61149468,-93.09271984,2024-11-06 08:06:49
30,d8c63bf6-1d29-4aa2-b0f2-c8565bbcf5d4,David Ruiz,9651062639,P1rkKYovuqvCP_gSAAAX21,16.6157151,-93.08252302,16.61068358,-93.08550693,2024-11-22 01:24:01
31,8daa45a9-5852-4a2e-8644-09c24088f679,David Ruiz,9651062639,P1rkKYovuqvCP_gSAAAX22,16.61808632,-93.08072943,16.62109958,-93.09430453,2024-11-20 09:47:56
32,89abc682-5477-4112-92b6-e7934de1623b,David Ruiz,9651062639,P1rkKYovuqvCP_gSAAAX23,16.62324623,-93.08445757,16.61837356,-93.08893337,2024-11-25 18:50:54
33,6f5dad30-11f1-4837-9426-3375eb96bd38,David Ruiz,9651062639,P1rkKYovuqvCP_gSAAAX24,16.60565962,-93.09648556,16.61121482,-93.08609519,2024-11-05 18:00:08
34,ad585979-21af-4f7e-9b88-ef2a7d3f26f1,David Ruiz,9651062639,P1rkKYovuqvCP_gSAAAX25,16.61378743,-93.08534084,16.61753617,-93.08416021,2024-11-18 17:38:54
35,a84c1ea6-4253-4f40-ae6e-558390ba2be3,David Ruiz,9651062639,P1rkKYovuqvCP_gSAAAX26,16.62329077,-93.09155431,16.62589907,-93.09882546,2024-11-15 15:51:42
36,2e655599-5c32-448b-856a-04cd8cfc031d,David Ruiz,9651062639,P1rkKYovuqvCP_gSAAAX27,16.60549513,-93.0867199,16.61879448,-93.08657599,2024-11-05 15:07:05
37,d7390ce3-7368-4bfa-9097-8f5c62fd9bab,David Ruiz,9651062639,P1rkKYovuqvCP_gSAAAX28,16.62078131,-93.0847793,16.61842776,-93.10104747,2024-11-26 22:19:58
38,bb724032-4feb-4b5e-8540-bc28b811c611,David Ruiz,9651062639,P1rkKYovuqvCP_gSAAAX29,16.60992569,-93.08854,16.60941095,-93.10119861,2024-11-02 20:38:23
39,69b13c9c-fcca-48b6-9604-426ea2759adf,David Ruiz,9651062639,P1rkKYovuqvCP_gSAAAX30,16.60675439,-93.09630406,16.62609801,-93.08776691,2024-11-07 02:38:16
40,0b182198-e9c1-4540-9660-d2ee61311c37,David Ruiz,9651062639,P1rkKYovuqvCP_gSAAAX31,16.60762196,-93.08435095,16.62505943,-93.09914974,2024-11-25 10:51:02
41,bb6441d9-18c7-4d18-ac4d-5287c7684768,David Ruiz,9651062639,P1rkKYovuqvCP_gSAAAX32,16.60719466,-93.09495954,16.62436412,-93.0983276,2024-11-05 17:35:49
42,0e0f478e-fff8-47af-ac7c-f02faa722a64,David Ruiz,9651062639,P1rkKYovuqvCP_gSAAAX33,16.6251356,-93.09341997,16.60840509,-93.08924919,2024-11-11 12:39:10
43,0c25fc77-6593-4ee5-9a27-6a856466b7f0,David Ruiz,9651062639,P1rkKYovuqvCP_gSAAAX34,16.61948555,-93.08142819,16.61817909,-93.09423964,2024-11-01 03:42:11
44,ed2a9ddc-4d6d-4ed8-9717-7bd29581603d,David Ruiz,9651062639,P1rkKYovuqvCP_gSAAAX35,16.61911909,-93.07910681,16.61138743,-93.08384614,2024-11-06 01:50:56
45,1f347295-4f28-4356-bc39-1d0841fa8608,David Ruiz,9651062639,P1rkKYovuqvCP_gSAAAX36,16.61891645,-93.09757247,16.61272224,-93.08782453,2024-11-11 16:58:09
46,5ad0a94d-5b59-4b1f-93b9-a07bd9ba8922,David Ruiz,9651062639,P1rkKYovuqvCP_gSAAAX37,16.60760294,-93.08855703,16.6181441,-93.09062125,2024-11-17 20:56:43
47,e436c64c-f6a2-4e57-a4e7-8495dc3a6d61,David Ruiz,9651062639,P1rkKYovuqvCP_gSAAAX38,16.61249874,-93.08915313,16.61861237,-93.10108488,2024-11-25 00:26:12
48,0fc5594e-2ea8-449d-a52e-31a63e397bdc,David Ruiz,9651062639,P1rkKYovuqvCP_gSAAAX39,16.61321948,-93.08531697,16.62584001,-93.08940533,2024-11-22 12:41:30
49,d7fea145-0ba7-457b-a6f6-21817256106b,David Ruiz,9651062639,P1rkKYovuqvCP_gSAAAX40,16.61891432,-93.08628211,16.61024743,-93.09842551,2024-11-26 04:49:04
50,bb775573-007f-4417-a923-59236cb3e555,David Ruiz,9651062639,P1rkKYovuqvCP_gSAAAX41,16.6129952,-93.08207329,16.61160655,-93.0967126,2024-11-25 11:39:47
51,6bdbb2da-86a2-4558-bf1f-79254c41e428,David Ruiz,9651062639,P1rkKYovuqvCP_gSAAAX42,16.62393636,-93.08980093,16.61848528,-93.09300653,2024-11-07 23:21:23
52,97d89166-9e9d-41d3-ae64-a2caae2778d5,David Ruiz,9651062639,P1rkKYovuqvCP_gSAAAX43,16.61715404,-93.09234366,16.6081113,-93.0881953,2024-11-15 20:16:28
53,484902ed-527b-4f5d-8665-9e1db250f7a3,David Ruiz,9651062639,P1rkKYovuqvCP_gSAAAX44,16.60630016,-93.0897835,16.61183045,-93.09250647,2024-11-19 07:44:13
54,ea59febf-d3f8-4ef2-96a0-f4445c5ccbbd,David Ruiz,9651062639,P1rkKYovuqvCP_gSAAAX45,16.60573355,-93.07968847,16.61096075,-93.09390918,2024-11-15 01:49:54
55,0e1caa41-6f48-4eef-9f59-c642637b732e,David Ruiz,9651062639,P1rkKYovuqvCP_gSAAAX46,16.6234767,-93.08189992,16.62009,-93.08394853,2024-11-13 01:23:26
56,bb6c35a0-c8bf-4c67-8479-66573f27049d,David Ruiz,9651062639,P1rkKYovuqvCP_gSAAAX47,16.61962665,-93.08730086,16.61740015,-93.10181775,2024-11-02 14:18:45
57,13972696-46b7-4cef-8343-00f99011f686,David Ruiz,9651062639,P1rkKYovuqvCP_gSAAAX48,16.62468534,-93.09353814,16.61018973,-93.09435122,2024-11-28 22:23:09
58,4b6a9193-f3b5-4b19-b3dd-1ada2a1dedef,David Ruiz,9651062639,P1rkKYovuqvCP_gSAAAX49,16.61114741,-93.09662631,16.62629151,-93.09080275,2024-11-10 19:44:09
59,cb19b116-b294-41a4-ac59-3a8f90eb6ab1,David Ruiz,9651062639,P1rkKYovuqvCP_gSAAAX50,16.61110308,-93.08275507,16.62635924,-93.09215244,2024-11-09 12:59:31
60,3e199ab2-f2c1-442f-8351-d24d282d88e0,David Ruiz,9651062639,P1rkKYovuqvCP_gSAAAX51,16.62188275,-93.09564729,16.61958672,-93.10284775,2024-11-02 17:46:43
61,3101eb22-fca3-4e2e-8f15-a5a6f95a979c,David Ruiz,9651062639,P1rkKYovuqvCP_gSAAAX52,16.61939803,-93.08093773,16.60825758,-93.09727817,2024-11-12 18:24:39
62,db3375a7-fb2c-41f0-a1e7-adfcfcc4c746,David Ruiz,9651062639,P1rkKYovuqvCP_gSAAAX53,16.62403792,-93.09240738,16.6125246,-93.09262471,2024-11-10 04:50:52
63,4a4d149e-7443-4319-8729-c7d992f9ab68,David Ruiz,9651062639,P1rkKYovuqvCP_gSAAAX54,16.62416565,-93.08815286,16.62326979,-93.08855795,2024-11-15 15:41:44
64,27e8a8f0-66aa-43ce-9b2d-a690ee43d782,David Ruiz,9651062639,P1rkKYovuqvCP_gSAAAX55,16.61172184,-93.09147261,16.60780062,-93.08825602,2024-11-28 20:07:41
65,d705fa49-1756-432a-9b2d-cdeb11609051,David Ruiz,9651062639,P1rkKYovuqvCP_gSAAAX56,16.61885183,-93.09671485,16.62232493,-93.09004882,2024-11-23 06:58:31
66,102c107d-94fd-49a8-8c55-a3d663011e33,David Ruiz,9651062639,P1rkKYovuqvCP_gSAAAX57,16.61545869,-93.09270634,16.609454,-93.09330854,2024-11-26 06:07:43
67,0ae7fa30-00e5-4061-9a56-d3c03bd41304,David Ruiz,9651062639,P1rkKYovuqvCP_gSAAAX58,16.61092464,-93.07850945,16.61659899,-93.08399346,2024-11-15 06:40:54
68,2543e9d9-c4ce-48d6-a92e-e5f3ec1e32bb,David Ruiz,9651062639,P1rkKYovuqvCP_gSAAAX59,16.62388466,-93.08912994,16.60992194,-93.09230126,2024-11-19 20:20:22
69,7c497603-8946-410a-883c-3590a10904a7,David Ruiz,9651062639,P1rkKYovuqvCP_gSAAAX60,16.60704024,-93.09566686,16.61909388,-93.09605445,2024-11-14 08:10:38
70,b4c4a609-8b60-4916-ad5e-462939228ab6,David Ruiz,9651062639,P1rkKYovuqvCP_gSAAAX61,16.61029041,-93.0904476,16.61957465,-93.09886518,2024-11-20 13:25:15
71,045957e5-a790-47cc-a9c6-cdbe1ed9cde2,David Ruiz,9651062639,P1rkKYovuqvCP_gSAAAX62,16.62437566,-93.08474542,16.61732154,-93.08590732,2024-11-29 15:46:20
72,bf4ed3ea-9016-4073-9408-910ddcb411df,David Ruiz,9651062639,P1rkKYovuqvCP_gSAAAX63,16.62311322,-93.09594502,16.62643778,-93.08630754,2024-11-13 12:39:02
73,5beaf510-1ad8-4f0c-8476-67a789cdd0be,David Ruiz,9651062639,P1rkKYovuqvCP_gSAAAX64,16.61826842,-93.09218622,16.61166943,-93.08848122,2024-11-18 17:05:20
74,512a49b0-ddb4-4912-b2f2-bd4eb034c879,David Ruiz,9651062639,P1rkKYovuqvCP_gSAAAX65,16.62396101,-93.08952678,16.62571569,-93.1030525,2024-11-12 03:44:00
75,de4f6751-d0d4-4ae9-b7ea-58b59a8af989,David Ruiz,9651062639,P1rkKYovuqvCP_gSAAAX66,16.61828157,-93.09386189,16.60675792,-93.08317408,2024-11-06 05:02:23
76,95fa34a2-6fa5-42d3-b9d0-edd5b529ae2e,David Ruiz,9651062639,P1rkKYovuqvCP_gSAAAX67,16.61128445,-93.09486652,16.61844549,-93.09251859,2024-11-26 17:26:09
77,69709d18-6982-4f5e-b31b-8e9d196563eb,David Ruiz,9651062639,P1rkKYovuqvCP_gSAAAX68,16.6141471,-93.08197226,16.61023607,-93.08596649,2024-11-05 00:27:21
78,d414a0c4-3b47-403a-8e30-b15b702bad37,David Ruiz,9651062639,P1rkKYovuqvCP_gSAAAX69,16.61625,-93.08545257,16.61554108,-93.09482604,2024-11-18 14:02:17
79,340873a1-34ee-4fdc-9df7-4223013b49e2,David Ruiz,9651062639,P1rkKYovuqvCP_gSAAAX70,16.62041612,-93.09413915,16.61101571,-93.10108887,2024-11-26 04:51:56
80,92ccb367-81c4-4705-ab36-38349baa673c,David Ruiz,9651062639,P1rkKYovuqvCP_gSAAAX71,16.61675226,-93.09074062,16.61471797,-93.0839181,2024-11-18 02:54:47
81,0935b0ae-b926-4957-ad39-d2e23fe869a9,David Ruiz,9651062639,P1rkKYovuqvCP_gSAAAX72,16.61062,-93.07818152,16.62056918,-93.0932179,2024-11-27 16:14:33
82,77ab75dc-5dba-4754-849d-f623612719c4,David Ruiz,9651062639,P1rkKYovuqvCP_gSAAAX73,16.61876312,-93.08546058,16.62607885,-93.10297389,2024-11-18 20:49:55
83,8ceca11c-91e2-42bb-95d8-a796069f1a84,David Ruiz,9651062639,P1rkKYovuqvCP_gSAAAX74,16.60656175,-93.09558415,16.61392147,-93.09185696,2024-11-18 18:12:57
84,8389b7ea-6d96-4d97-97d0-e04972680ab3,David Ruiz,9651062639,P1rkKYovuqvCP_gSAAAX75,16.61376031,-93.09654463,16.6207674,-93.10198748,2024-11-09 10:52:09
85,c5812235-d235-451c-ba54-05c22433402f,David Ruiz,9651062639,P1rkKYovuqvCP_gSAAAX76,16.62085693,-93.0912451,16.62215677,-93.08956201,2024-11-02 08:19:36
86,bbc2e92a-db64-4dd9-ba2d-071f7078ba4a,David Ruiz,9651062639,P1rkKYovuqvCP_gSAAAX77,16.62520302,-93.09254553,16.61345381,-93.09417647,2024-11-13 10:28:38
87,f25b56ce-0d93-4db5-a7c2-98d288053109,David Ruiz,9651062639,P1rkKYovuqvCP_gSAAAX78,16.6068279,-93.08099395,16.61260161,-93.08653634,2024-11-20 08:24:37
88,6dc6ccc1-e9b7-4e3e-ab2d-38e156b93a26,David Ruiz,9651062639,P1rkKYovuqvCP_gSAAAX79,16.61433587,-93.08343866,16.61267974,-93.09411879,2024-11-05 23:40:03
89,077e8f3e-2432-4f5b-bcee-24ed4e2db2ae,David Ruiz,9651062639,P1rkKYovuqvCP_gSAAAX80,16.62445098,-93.08355382,16.61643954,-93.09563354,2024-11-05 15:41:39
90,75484027-9188-463c-b459-4e8b0ebb54e2,David Ruiz,9651062639,P1rkKYovuqvCP_gSAAAX81,16.61822541,-93.0965428,16.61070909,-93.09542942,2024-11-03 17:04:37
91,d4e52bca-a901-4eab-a830-1087f975ddc8,David Ruiz,9651062639,P1rkKYovuqvCP_gSAAAX82,16.6199159,-93.09363454,16.61072157,-93.08364207,2024-11-02 11:07:16
92,ba48e7e4-93d0-4874-823a-8c44cdaa66f8,David Ruiz,9651062639,P1rkKYovuqvCP_gSAAAX83,16.62355998,-93.0916428,16.62064621,-93.08802943,2024-11-11 12:19:02
93,79f1cabb-5d66-437c-b0ea-f42175a4f555,David Ruiz,9651062639,P1rkKYovuqvCP_gSAAAX84,16.61764349,-93.08287487,16.60840669,-93.09261455,2024-11-21 03:54:21
94,64a76ac3-9af3-43b9-bf03-55bec935f8ee,David Ruiz,9651062639,P1rkKYovuqvCP_gSAAAX85,16.60869152,-93.08319236,16.6082123,-93.08382077,2024-11-14 21:59:51
95,52de0097-9698-41be-bdce-7ac407280dd6,David Ruiz,9651062639,P1rkKYovuqvCP_gSAAAX86,16.62090451,-93.08254829,16.61363793,-93.10263549,2024-11-19 02:42:30
96,7a092bb2-0ea8-4dfd-a734-5532fd7c003f,David Ruiz,9651062639,P1rkKYovuqvCP_gSAAAX87,16.60678313,-93.09352216,16.62480213,-93.10129108,2024-11-11 06:02:20
97,1870da2d-df3b-42c0-b75f-37eaade3e693,David Ruiz,9651062639,P1rkKYovuqvCP_gSAAAX88,16.61962311,-93.0930152,16.60911152,-93.08425067,2024-11-09 19:56:53
98,5868b7e9-3a88-4f3c-8579-b6c74aec4d87,David Ruiz,9651062639,P1rkKYovuqvCP_gSAAAX89,16.62483163,-93.09370468,16.61333426,-93.0953207,2024-11-01 19:46:22
99,33f0b126-e3cf-4804-8cd7-95396140aa7f,David Ruiz,9651062639,P1rkKYovuqvCP_gSAAAX90,16.60932015,-93.09432313,16.61601254,-93.09757724,2024-11-02 23:37:01
100,1125c13d-b97d-4bcc-9557-11e74419ee95,David Ruiz,9651062639,P1rkKYovuqvCP_gSAAAX91,16.62112811,-93.09076061,16.61160643,-93.09822671,2024-11-20 23:45:44
101,30999f7a-c132-4c8e-9763-38983ededcb4,David Ruiz,9651062639,P1rkKYovuqvCP_gSAAAX92,16.60883147,-93.09750157,16.61308897,-93.10232666,2024-11-21 16:14:06
102,ca9dbed6-0fab-4b87-afde-587ac5cafe71,David Ruiz,9651062639,P1rkKYovuqvCP_gSAAAX93,16.61933735,-93.09457864,16.62167132,-93.08980344,2024-11-02 18:48:02
103,4d551a66-fc39-4301-94bd-8030d9bbd4e4,David Ruiz,9651062639,P1rkKYovuqvCP_gSAAAX94,16.60662306,-93.07984026,16.60671484,-93.08768531,2024-11-10 21:53:03
104,575f5b8b-9824-4fac-aaa5-e322f4d4c807,David Ruiz,9651062639,P1rkKYovuqvCP_gSAAAX95,16.6120356,-93.0817518,16.61733113,-93.08708509,2024-11-03 10:05:20
105,d6ba5ec6-9436-4f76-954b-9315bf74e387,David Ruiz,9651062639,P1rkKYovuqvCP_gSAAAX96,16.61087066,-93.09612535,16.61985066,-93.0947977,2024-11-25 14:47:45
106,3fca4af3-4b0b-44dc-b3b4-2cf203fc9660,David Ruiz,9651062639,P1rkKYovuqvCP_gSAAAX97,16.62123555,-93.08422133,16.62146893,-93.09996347,2024-11-20 00:11:22
107,9c8f8d2c-9a43-49bb-9274-0a985b48f3a2,David Ruiz,9651062639,P1rkKYovuqvCP_gSAAAX98,16.61949338,-93.09743836,16.61302571,-93.10158084,2024-11-11 12:21:51
108,f1733296-1ee0-4946-9e46-5ae93cf4ba4d,David Ruiz,9651062639,P1rkKYovuqvCP_gSAAAX99,16.61055183,-93.0811429,16.61879858,-93.08637563,2024-11-23 09:58:45
109,59af5a01-e6d2-4905-8475-906e0389dedc,David Ruiz,9651062639,P1rkKYovuqvCP_gSAAAX100,16.61443322,-93.09621174,16.61793128,-93.10298447,2024-11-02 09:21:04
110,d1da2176-6df6-4a6f-9914-085d951302be,David Ruiz,9651062639,P1rkKYovuqvCP_gSAAAX101,16.61266745,-93.08527557,16.61822909,-93.1025654,2024-11-17 09:27:06
111,a2fb7323-3646-4dc1-af33-9312bfd6763b,David Ruiz,9651062639,P1rkKYovuqvCP_gSAAAX102,16.61417853,-93.08081575,16.61557547,-93.1006055,2024-11-09 18:48:55
112,3653dd33-83c3-4505-9920-dc647a6c03a0,David Ruiz,9651062639,P1rkKYovuqvCP_gSAAAX103,16.61501229,-93.07810566,16.61514769,-93.08616305,2024-11-18 05:46:39
113,c263e10e-6548-4720-996b-8504aa99fcd2,David Ruiz,9651062639,P1rkKYovuqvCP_gSAAAX104,16.61706595,-93.08550237,16.61577257,-93.09202905,2024-11-15 18:28:02
114,0d3ec995-4fab-41a7-bd10-6960ab12ece8,David Ruiz,9651062639,P1rkKYovuqvCP_gSAAAX105,16.61935267,-93.08512484,16.61693526,-93.08607999,2024-11-04 09:48:14
115,17b1f481-99b9-4e8a-8dd0-1badb717ecf3,David Ruiz,9651062639,P1rkKYovuqvCP_gSAAAX106,16.61362066,-93.09256451,16.61992043,-93.10176644,2024-11-17 23:08:55
116,1b089809-c681-42be-b6a2-0618e03a0e8e,David Ruiz,9651062639,P1rkKYovuqvCP_gSAAAX107,16.61604737,-93.09178735,16.61802512,-93.08427435,2024-11-04 21:57:46
117,d747369d-e811-42fc-8f8b-728681ec0df8,David Ruiz,9651062639,P1rkKYovuqvCP_gSAAAX108,16.6138978,-93.0811634,16.61679602,-93.09204394,2024-11-08 05:48:53
118,e7918cf3-5b1f-458f-9165-43b75958d915,David Ruiz,9651062639,P1rkKYovuqvCP_gSAAAX109,16.62249116,-93.08477261,16.61094609,-93.09077799,2024-11-08 11:45:21
119,7a6bb9c9-aed1-44fa-8c63-97d8904a26c9,David Ruiz,9651062639,P1rkKYovuqvCP_gSAAAX110,16.60621384,-93.0958994,16.6219226,-93.08474118,2024-11-19 20:29:07
120,846b132c-423f-4526-bd40-a5ffac3dc894,David Ruiz,9651062639,P1rkKYovuqvCP_gSAAAX111,16.61345246,-93.09050661,16.62498287,-93.10257599,2024-11-12 02:34:52
121,f4d80a4c-5ee4-4036-80f4-18b1dc923b91,David Ruiz,9651062639,P1rkKYovuqvCP_gSAAAX112,16.61051864,-93.09301264,16.62135966,-93.09525667,2024-11-07 12:09:28
122,acd897bd-a195-4d0c-919e-d4f4c934276f,David Ruiz,9651062639,P1rkKYovuqvCP_gSAAAX113,16.61146694,-93.08217614,16.62173348,-93.08824269,2024-11-26 09:19:35
123,48898bb5-3dd6-435f-ae35-1f99f404d6d2,David Ruiz,9651062639,P1rkKYovuqvCP_gSAAAX114,16.60550708,-93.0938449,16.60957532,-93.09667898,2024-11-19 09:17:47
124,4ee74aaf-cb20-48b1-94a8-f4b2b86af535,David Ruiz,9651062639,P1rkKYovuqvCP_gSAAAX115,16.62013645,-93.0955029,16.62439273,-93.08832748,2024-11-14 21:57:10
125,4f306573-a7c2-4120-a51f-1f1356df7ab2,David Ruiz,9651062639,P1rkKYovuqvCP_gSAAAX116,16.6107378,-93.09556322,16.61138479,-93.08655226,2024-11-19 19:07:51
126,e84e588a-fa34-427f-b3b1-afde5e2fda2e,David Ruiz,9651062639,P1rkKYovuqvCP_gSAAAX117,16.60577987,-93.09490842,16.61417718,-93.10117081,2024-11-09 13:08:32
127,0476639d-6f73-40e1-bc87-4674af8ac867,David Ruiz,9651062639,P1rkKYovuqvCP_gSAAAX118,16.6139291,-93.08366207,16.61883978,-93.08506092,2024-11-26 04:18:25
128,290e16ad-7b02-479e-a9d7-078c9441b27a,David Ruiz,9651062639,P1rkKYovuqvCP_gSAAAX119,16.61276185,-93.09601739,16.61731249,-93.08376042,2024-11-03 16:20:33
129,a3030eea-b0e3-4db3-b2ac-cb1c954ddde6,David Ruiz,9651062639,P1rkKYovuqvCP_gSAAAX120,16.62089566,-93.08954138,16.61774426,-93.08925834,2024-11-26 17:37:54
130,39dbb4c8-f9fc-4dc5-9f5d-27f32f4df2ca,David Ruiz,9651062639,P1rkKYovuqvCP_gSAAAX121,16.60996958,-93.09520845,16.61239638,-93.08654233,2024-11-24 20:16:30
131,cc413c23-f115-4ac1-9e99-b9b6da222cd7,David Ruiz,9651062639,P1rkKYovuqvCP_gSAAAX122,16.6205987,-93.08303622,16.61304924,-93.08609404,2024-11-25 22:02:28
132,9d861a78-e162-49e5-82e3-47cf4fba733c,David Ruiz,9651062639,P1rkKYovuqvCP_gSAAAX123,16.60786744,-93.08025603,16.61352406,-93.08797142,2024-11-23 11:08:52
133,0681b0d1-c161-4bfe-84d8-5ff1ad789db5,David Ruiz,9651062639,P1rkKYovuqvCP_gSAAAX124,16.6206895,-93.08364056,16.6230601,-93.09222034,2024-11-22 12:24:14
134,e3eaf2bf-7b96-493b-a7f9-0de14f4b9bd3,David Ruiz,9651062639,P1rkKYovuqvCP_gSAAAX125,16.61623608,-93.0846903,16.62094518,-93.08660551,2024-11-18 23:21:05
135,bd84c93d-9304-479e-ac34-f35e7c302360,David Ruiz,9651062639,P1rkKYovuqvCP_gSAAAX126,16.6191976,-93.08379174,16.61190418,-93.10178919,2024-11-24 01:42:39
136,24e29f47-614c-43a8-b993-b31a97a687c9,David Ruiz,9651062639,P1rkKYovuqvCP_gSAAAX127,16.61187228,-93.08133995,16.62256328,-93.09355141,2024-11-10 00:24:55
137,a248d5d0-6914-4b74-b5cb-01a201f2c7c9,David Ruiz,9651062639,P1rkKYovuqvCP_gSAAAX128,16.62377652,-93.08769314,16.62109063,-93.08372602,2024-11-19 21:23:08
138,cb52d19e-138c-403b-9b83-f50f6372e0df,David Ruiz,9651062639,P1rkKYovuqvCP_gSAAAX129,16.61392601,-93.08821868,16.61610815,-93.09821828,2024-11-10 14:40:59
139,30cea8bc-d076-409c-89f5-f3fceb6a49aa,David Ruiz,9651062639,P1rkKYovuqvCP_gSAAAX130,16.61866824,-93.08072325,16.62137696,-93.09193942,2024-11-17 04:17:21
140,43eee0cf-63bc-464d-9009-74d7632733e4,David Ruiz,9651062639,P1rkKYovuqvCP_gSAAAX131,16.61255984,-93.08948663,16.62305139,-93.10294411,2024-11-05 13:27:50
141,0d3b0439-af88-44ee-a2b3-f42d12fce194,David Ruiz,9651062639,P1rkKYovuqvCP_gSAAAX132,16.61852053,-93.09546574,16.62511979,-93.09745113,2024-11-07 21:56:31
142,39c9541e-5170-4817-b3ca-4709a4e0aa6e,David Ruiz,9651062639,P1rkKYovuqvCP_gSAAAX133,16.62049833,-93.08448355,16.62536839,-93.10061796,2024-11-05 02:11:22
143,c644b73d-8678-4105-9e13-566543b025a9,David Ruiz,9651062639,P1rkKYovuqvCP_gSAAAX134,16.60575706,-93.09778351,16.61999044,-93.09460202,2024-11-22 10:15:14
144,00968327-e1fb-4e38-9294-c1c1829017b8,David Ruiz,9651062639,P1rkKYovuqvCP_gSAAAX135,16.62100596,-93.08120795,16.610561,-93.08841059,2024-11-24 20:36:47
145,5fc4c3e9-4a60-4f89-b46b-2edbafd97c1f,David Ruiz,9651062639,P1rkKYovuqvCP_gSAAAX136,16.62017997,-93.09071021,16.61338926,-93.08783586,2024-11-09 17:39:14
146,391ccc0d-a02e-4c8e-b34c-b0c6116de4e2,David Ruiz,9651062639,P1rkKYovuqvCP_gSAAAX137,16.62420727,-93.09291398,16.61838308,-93.09465416,2024-11-10 19:27:03
147,9ac91708-3186-4bdc-ade0-cac2c54a3d98,David Ruiz,9651062639,P1rkKYovuqvCP_gSAAAX138,16.62015286,-93.08774206,16.62234107,-93.0903316,2024-11-29 13:56:01
148,4fea0781-671f-4776-8351-2aac33f5ac14,David Ruiz,9651062639,P1rkKYovuqvCP_gSAAAX139,16.617084,-93.0800798,16.6205818,-93.08656085,2024-11-28 12:34:10
149,0b06557d-8770-49d5-98a8-6a58013ef881,David Ruiz,9651062639,P1rkKYovuqvCP_gSAAAX140,16.61061592,-93.09256944,16.61139325,-93.09705946,2024-11-16 07:14:01
150,3eeb0098-e61d-4f61-8974-b2dbc2b57033,David Ruiz,9651062639,P1rkKYovuqvCP_gSAAAX141,16.61890253,-93.08838609,16.60932582,-93.09560731,2024-11-28 02:06:35
151,81d58a74-9b71-4c3b-b4a3-e93dbd33048e,David Ruiz,9651062639,P1rkKYovuqvCP_gSAAAX142,16.61019527,-93.09408687,16.62514218,-93.0954791,2024-11-28 21:59:32
152,e3917417-d117-4d73-8b32-90e694306dea,David Ruiz,9651062639,P1rkKYovuqvCP_gSAAAX143,16.62079472,-93.08730424,16.62557757,-93.0946945,2024-11-02 20:57:59
153,13548f6e-54df-4b21-b3ab-04d9e9ab37b9,David Ruiz,9651062639,P1rkKYovuqvCP_gSAAAX144,16.60740404,-93.0842152,16.61335166,-93.08871953,2024-11-16 16:04:50
154,c8133a15-5ff5-4bac-8da9-bfef5ba82686,David Ruiz,9651062639,P1rkKYovuqvCP_gSAAAX145,16.61512619,-93.09535833,16.6159452,-93.09870991,2024-11-23 19:56:42
155,f2eb5695-6127-44a3-8d69-45215641daad,David Ruiz,9651062639,P1rkKYovuqvCP_gSAAAX146,16.61880871,-93.08228091,16.61334613,-93.08518871,2024-11-17 21:08:22
156,56fe6ecf-75cf-4131-9855-baeffaa19d7e,David Ruiz,9651062639,P1rkKYovuqvCP_gSAAAX147,16.60618597,-93.08791932,16.62098555,-93.09906755,2024-11-15 02:13:40
157,ea176454-32c1-4040-9f23-6fff7456351e,David Ruiz,9651062639,P1rkKYovuqvCP_gSAAAX148,16.61463304,-93.09542835,16.625751,-93.08698794,2024-11-29 11:21:20
158,fce4732f-6379-4f9e-b6fb-6a8b7548510c,David Ruiz,9651062639,P1rkKYovuqvCP_gSAAAX149,16.61909146,-93.08768761,16.62188003,-93.09626051,2024-11-12 04:55:51
159,40b95f34-49c0-4a44-940a-8f925296a958,David Ruiz,9651062639,P1rkKYovuqvCP_gSAAAX150,16.60643472,-93.08072275,16.6179876,-93.08435378,2024-11-23 09:01:56
160,c17f9ee9-ed77-4ce1-9e6e-3af72b14d938,David Ruiz,9651062639,P1rkKYovuqvCP_gSAAAX151,16.62113486,-93.08416032,16.61154364,-93.0842781,2024-11-23 01:03:51
161,f342dae3-767e-4a30-ba30-ed75073375c5,David Ruiz,9651062639,P1rkKYovuqvCP_gSAAAX152,16.61349791,-93.09661397,16.62140196,-93.09208699,2024-11-25 04:41:24
162,3cda0b33-f5ff-4e4d-a1e1-b6acd8fb7d2e,David Ruiz,9651062639,P1rkKYovuqvCP_gSAAAX153,16.62069515,-93.09169036,16.62453373,-93.0868736,2024-11-21 23:35:36
163,f8ee53e5-fb89-4078-92f0-f361899fec5e,David Ruiz,9651062639,P1rkKYovuqvCP_gSAAAX154,16.61920904,-93.08079935,16.61660875,-93.08512859,2024-11-03 10:55:42
164,34654c53-d769-4790-9733-365b121f17bb,David Ruiz,9651062639,P1rkKYovuqvCP_gSAAAX155,16.60782396,-93.09470281,16.62479983,-93.08429975,2024-11-04 13:02:57
165,c5b8c448-e373-4a6e-8c5d-f5c30cd50925,David Ruiz,9651062639,P1rkKYovuqvCP_gSAAAX156,16.61880976,-93.07820407,16.62232012,-93.09914964,2024-11-24 13:10:51
166,af9021bd-b0f1-4b8e-96dd-62c5d2ffb228,David Ruiz,9651062639,P1rkKYovuqvCP_gSAAAX157,16.61464383,-93.07796806,16.62146664,-93.09977834,2024-11-21 00:56:49
167,0d840026-a69e-40a5-b19b-dfb6dfbb5c47,David Ruiz,9651062639,P1rkKYovuqvCP_gSAAAX158,16.6208983,-93.09595934,16.61941519,-93.0832325,2024-11-03 01:24:27
168,2b6be20a-9776-47e3-bfdc-ee1e32b7550a,David Ruiz,9651062639,P1rkKYovuqvCP_gSAAAX159,16.60640935,-93.0813776,16.62552524,-93.08363892,2024-11-06 18:39:25
169,53509da1-7e13-4050-b388-14c5a0208cba,David Ruiz,9651062639,P1rkKYovuqvCP_gSAAAX160,16.61586607,-93.09094146,16.62057644,-93.0962656,2024-11-02 20:59:06
170,6f36cc14-309e-4d9c-9291-e9ffe2a3f9a3,David Ruiz,9651062639,P1rkKYovuqvCP_gSAAAX161,16.6154795,-93.08370705,16.60818157,-93.0836265,2024-11-28 18:26:03
171,b8337ad7-b5c1-49da-acc8-4790606cbca3,David Ruiz,9651062639,P1rkKYovuqvCP_gSAAAX162,16.60714415,-93.09114113,16.61828287,-93.09644431,2024-11-04 04:59:57
172,249bc040-3cbb-401a-b46e-f09f5104b818,David Ruiz,9651062639,P1rkKYovuqvCP_gSAAAX163,16.61355957,-93.08469458,16.61562492,-93.1026424,2024-11-08 13:49:44
173,3753dddb-8fc3-4c58-911d-af0354315f99,David Ruiz,9651062639,P1rkKYovuqvCP_gSAAAX164,16.60605853,-93.09620452,16.6198309,-93.09338782,2024-11-11 02:41:01
174,588e645a-c5cf-4155-91bf-cc443b799ed0,David Ruiz,9651062639,P1rkKYovuqvCP_gSAAAX165,16.61426625,-93.09640531,16.62526242,-93.08617868,2024-11-14 21:54:56
175,30fa716b-768f-4b5f-b002-acb47dac2c44,David Ruiz,9651062639,P1rkKYovuqvCP_gSAAAX166,16.61893618,-93.08688736,16.62434334,-93.1016505,2024-11-08 06:36:49
176,3443f287-ce23-4787-b79a-54fd0dd7d187,David Ruiz,9651062639,P1rkKYovuqvCP_gSAAAX167,16.61273459,-93.08874898,16.60828868,-93.10144825,2024-11-01 13:36:59
177,4c99171a-19e2-4bae-8dea-5545fa581aa7,David Ruiz,9651062639,P1rkKYovuqvCP_gSAAAX168,16.60863293,-93.08519092,16.61098751,-93.09304173,2024-11-21 17:59:55
178,4a81af1c-36b4-4640-acd2-31ac07011aff,David Ruiz,9651062639,P1rkKYovuqvCP_gSAAAX169,16.61927872,-93.094175,16.6242143,-93.08956641,2024-11-26 11:59:08
179,7747aa2d-9150-4949-abe9-c3eb30199875,David Ruiz,9651062639,P1rkKYovuqvCP_gSAAAX170,16.61323462,-93.08058757,16.62060543,-93.08334713,2024-11-02 20:32:04
180,22b0aa09-b147-4532-9071-499b17c43351,David Ruiz,9651062639,P1rkKYovuqvCP_gSAAAX171,16.60899742,-93.08433849,16.61715937,-93.08913603,2024-11-09 14:19:09
181,9a9d9823-c471-46c1-bc66-cd40b513d809,David Ruiz,9651062639,P1rkKYovuqvCP_gSAAAX172,16.60651912,-93.08231633,16.6210924,-93.09917948,2024-11-24 14:05:03
182,8ed4f9ab-6c7e-4c3f-a4df-1fb1a265c5e2,David Ruiz,9651062639,P1rkKYovuqvCP_gSAAAX173,16.61379541,-93.08140441,16.61295526,-93.0893068,2024-11-20 12:42:48
183,6940e8b2-e87e-4ec4-94c1-08e1261f38fb,David Ruiz,9651062639,P1rkKYovuqvCP_gSAAAX174,16.6069334,-93.08160843,16.62299914,-93.09380748,2024-11-22 09:50:45
184,b30a2698-43c4-4ae8-b3ea-8fb1a4decc54,David Ruiz,9651062639,P1rkKYovuqvCP_gSAAAX175,16.61513071,-93.09760704,16.60796447,-93.08960055,2024-11-17 23:22:10
185,fea4deec-ec3d-436a-af82-a4c85e53e1e4,David Ruiz,9651062639,P1rkKYovuqvCP_gSAAAX176,16.62488698,-93.07872401,16.60746368,-93.10303091,2024-11-12 00:36:51
186,299c9075-eb76-4ae2-841f-55cdf358d5de,David Ruiz,9651062639,P1rkKYovuqvCP_gSAAAX177,16.61155415,-93.09475365,16.62595995,-93.09475341,2024-11-09 21:04:15
187,0d2a0f6b-bef2-42f0-8f83-21147a293057,David Ruiz,9651062639,P1rkKYovuqvCP_gSAAAX178,16.61645216,-93.09651574,16.61610278,-93.09688093,2024-11-24 03:23:53
188,e4bcc842-1ca7-4800-a9a4-71c9facc8dda,David Ruiz,9651062639,P1rkKYovuqvCP_gSAAAX179,16.61312571,-93.0916589,16.60930997,-93.09437666,2024-11-06 02:43:10
189,8ee64837-ae61-4333-bfe4-ff8954f32dfd,David Ruiz,9651062639,P1rkKYovuqvCP_gSAAAX180,16.61779609,-93.09247202,16.61180558,-93.08493693,2024-11-03 13:39:19
190,007ed5c2-b798-4a2c-8d82-5c61bb744f23,David Ruiz,9651062639,P1rkKYovuqvCP_gSAAAX181,16.62309906,-93.09533017,16.62496596,-93.09569843,2024-11-27 20:18:03
191,8311090c-213b-4585-9c3d-e1c7327e035d,David Ruiz,9651062639,P1rkKYovuqvCP_gSAAAX182,16.61789898,-93.0930488,16.62457472,-93.09095361,2024-11-09 23:55:04
192,7195763a-2a8d-44f0-8dbe-722fd44917bd,David Ruiz,9651062639,P1rkKYovuqvCP_gSAAAX183,16.60572111,-93.09036649,16.60755061,-93.08699854,2024-11-23 22:42:30
193,c99eb791-5335-49df-9c3e-415b5f8d642b,David Ruiz,9651062639,P1rkKYovuqvCP_gSAAAX184,16.62437097,-93.08018802,16.60888164,-93.0936248,2024-11-24 12:13:37
194,e8feca37-a30b-4891-85c7-fdc157b04789,David Ruiz,9651062639,P1rkKYovuqvCP_gSAAAX185,16.62344576,-93.07842252,16.6247032,-93.09740401,2024-11-29 07:50:32
195,2431cd64-ad64-43e8-af71-4182cadf3a6d,David Ruiz,9651062639,P1rkKYovuqvCP_gSAAAX186,16.62107002,-93.09056887,16.60781079,-93.09761008,2024-11-21 12:15:10
196,8def320c-577c-4e08-9cf4-93893d4cfcda,David Ruiz,9651062639,P1rkKYovuqvCP_gSAAAX187,16.60535717,-93.07889548,16.62113798,-93.09283898,2024-11-17 15:36:59
197,5faa4b0e-2a87-4e37-97be-0c6a832449f9,David Ruiz,9651062639,P1rkKYovuqvCP_gSAAAX188,16.61621282,-93.08021072,16.61857425,-93.0917089,2024-11-16 10:36:20
198,ece45737-2525-4f57-a1c2-ecfc4e329944,David Ruiz,9651062639,P1rkKYovuqvCP_gSAAAX189,16.6144294,-93.07863048,16.62154161,-93.09449789,2024-11-20 14:52:35
199,97bfd3f3-cbf2-4436-a9ce-6367d1527fac,David Ruiz,9651062639,P1rkKYovuqvCP_gSAAAX190,16.60715544,-93.0957165,16.61621911,-93.09863573,2024-11-11 15:50:06
200,a92270a6-98b4-4e1e-ba93-851f17ef496f,David Ruiz,9651062639,P1rkKYovuqvCP_gSAAAX191,16.61549133,-93.08434005,16.60691161,-93.08372945,2024-11-08 14:23:00
201,24de2fba-2029-4f31-b8f5-59556b20c721,David Ruiz,9651062639,P1rkKYovuqvCP_gSAAAX192,16.6104273,-93.08077417,16.61558306,-93.09177446,2024-11-07 14:49:09
202,0e516c9e-532d-46b6-88a9-ebc2f86ef41d,David Ruiz,9651062639,P1rkKYovuqvCP_gSAAAX193,16.60605458,-93.08415212,16.62635682,-93.08644459,2024-11-12 00:37:29
203,a1150b93-d6f8-4f22-a7d9-eb76012a0410,David Ruiz,9651062639,P1rkKYovuqvCP_gSAAAX194,16.61931313,-93.09736063,16.60671747,-93.09016548,2024-11-06 10:34:37
204,152275e3-3ae5-479e-9307-74429780f7b9,David Ruiz,9651062639,P1rkKYovuqvCP_gSAAAX195,16.60728155,-93.087342,16.62596804,-93.10058473,2024-11-05 08:02:55
205,93f89139-d45b-4e4d-920a-72b7b3d2ca61,David Ruiz,9651062639,P1rkKYovuqvCP_gSAAAX196,16.60661759,-93.08143356,16.61734105,-93.09397247,2024-11-15 00:24:39
206,5b3980ae-f94c-4b84-b855-bcb0e84ff2b4,David Ruiz,9651062639,P1rkKYovuqvCP_gSAAAX197,16.62097287,-93.09285733,16.61569031,-93.08999876,2024-11-10 04:18:42
207,c1ba72cd-de45-49ec-9c9c-9f4404aec2a4,David Ruiz,9651062639,P1rkKYovuqvCP_gSAAAX198,16.61389922,-93.08846261,16.6108785,-93.08464812,2024-11-20 14:37:01
208,173d5d87-0cb2-4304-bfd7-5ceac3265af0,David Ruiz,9651062639,P1rkKYovuqvCP_gSAAAX199,16.60961068,-93.0813666,16.61606098,-93.09209043,2024-11-27 21:59:14
209,e251b9ee-781f-4b28-83b1-a9f0bb0167fa,David Ruiz,9651062639,P1rkKYovuqvCP_gSAAAX200,16.61232966,-93.09585012,16.61373001,-93.08376423,2024-11-01 01:26:58
210,5acefc9f-328d-4e35-bf39-5f23412c3ded,David Ruiz,9651062639,P1rkKYovuqvCP_gSAAAX201,16.60836935,-93.08711082,16.61845952,-93.0978945,2024-11-15 15:48:20
211,f6f9188f-0cd3-42b2-8569-00c747edef46,David Ruiz,9651062639,P1rkKYovuqvCP_gSAAAX202,16.61988518,-93.07878387,16.61711023,-93.09845459,2024-11-27 13:05:15
212,c646bef3-b2e9-4f7d-96f5-11d43bcdb593,David Ruiz,9651062639,P1rkKYovuqvCP_gSAAAX203,16.61092678,-93.0895347,16.61108474,-93.10226897,2024-11-23 07:12:36
213,2a451e33-ae12-46b5-8b0d-80944c1eb202,David Ruiz,9651062639,P1rkKYovuqvCP_gSAAAX204,16.62407199,-93.08530012,16.60673266,-93.09723724,2024-11-13 18:26:17
214,aefac43c-d2eb-4723-940e-d4c93d3b4091,David Ruiz,9651062639,P1rkKYovuqvCP_gSAAAX205,16.60942762,-93.09633679,16.62016833,-93.09314093,2024-11-09 02:40:13
215,b58a192f-9b0f-4c90-a05a-4135149149a1,David Ruiz,9651062639,P1rkKYovuqvCP_gSAAAX206,16.61843031,-93.08295012,16.61732435,-93.0872869,2024-11-26 01:20:42
216,0f4747cc-1ae4-4997-9a3d-69f439fd32db,David Ruiz,9651062639,P1rkKYovuqvCP_gSAAAX207,16.6122817,-93.08442875,16.62255931,-93.08666899,2024-11-26 23:18:08
217,842fded9-e656-40fd-9ec2-269407097e45,David Ruiz,9651062639,P1rkKYovuqvCP_gSAAAX208,16.61152834,-93.09030756,16.61574022,-93.09375429,2024-11-15 07:05:32
218,96346f81-bfa1-476a-8eae-ce83912d5427,David Ruiz,9651062639,P1rkKYovuqvCP_gSAAAX209,16.62451416,-93.09545768,16.60779908,-93.08517322,2024-11-11 14:17:21
219,0af1d971-5bc1-4563-a2aa-7df83ab3de83,David Ruiz,9651062639,P1rkKYovuqvCP_gSAAAX210,16.61640203,-93.08890201,16.62071472,-93.09694904,2024-11-12 15:50:02
220,976feb2d-d507-46fa-bf9e-88021f0d3f8e,David Ruiz,9651062639,P1rkKYovuqvCP_gSAAAX211,16.62079905,-93.07916247,16.60741045,-93.09878932,2024-11-18 13:09:55
221,54d42348-90b2-488a-a728-608d54668e99,David Ruiz,9651062639,P1rkKYovuqvCP_gSAAAX212,16.62438071,-93.09522756,16.62060059,-93.10111154,2024-11-03 16:45:15
222,9a9914f7-6f02-43d1-9e06-c4c01a11b415,David Ruiz,9651062639,P1rkKYovuqvCP_gSAAAX213,16.61383843,-93.09385357,16.6082833,-93.08757245,2024-11-22 17:27:53
223,fdb47e58-30de-4e37-b7a6-4445c533a496,David Ruiz,9651062639,P1rkKYovuqvCP_gSAAAX214,16.62093014,-93.08131708,16.61949894,-93.09268071,2024-11-13 00:23:59
224,5380ffec-e353-459a-b7f6-889cd6935e8c,David Ruiz,9651062639,P1rkKYovuqvCP_gSAAAX215,16.61692619,-93.08195801,16.62561577,-93.09198332,2024-11-21 02:32:06
225,4ec02f65-3963-4a77-950c-e25a3a679f57,David Ruiz,9651062639,P1rkKYovuqvCP_gSAAAX216,16.61892448,-93.07961596,16.61053765,-93.09017248,2024-11-24 14:07:27
226,72432cee-b323-43d0-be1f-ddea3fa5d4dc,David Ruiz,9651062639,P1rkKYovuqvCP_gSAAAX217,16.62475475,-93.08069481,16.61714439,-93.09359366,2024-11-17 12:18:29
227,af5d5fb1-d7ca-48d8-a4c7-19b9f79d948f,David Ruiz,9651062639,P1rkKYovuqvCP_gSAAAX218,16.61643707,-93.09755562,16.62458583,-93.08687767,2024-11-12 00:36:48
228,5b7c7fd5-b2ff-4057-b9f6-f172ca7be9ba,David Ruiz,9651062639,P1rkKYovuqvCP_gSAAAX219,16.61487363,-93.08260438,16.61055484,-93.08369769,2024-11-28 09:13:12
229,aaa8381d-2e0d-4e9a-9f9a-727cb3b40637,David Ruiz,9651062639,P1rkKYovuqvCP_gSAAAX220,16.61190739,-93.09064007,16.61106324,-93.09744591,2024-11-27 06:10:34
230,14139077-d433-4be5-bdb7-1e806c08f5ba,David Ruiz,9651062639,P1rkKYovuqvCP_gSAAAX221,16.62209272,-93.09054775,16.62196125,-93.09888584,2024-11-11 12:19:40
231,b1b1cec1-01ef-4b62-9930-2039a07d72fb,David Ruiz,9651062639,P1rkKYovuqvCP_gSAAAX222,16.62150476,-93.09327113,16.62461244,-93.09107712,2024-11-09 09:33:04
232,79bb3cc9-da02-49c6-9622-9999e0dc0bcd,David Ruiz,9651062639,P1rkKYovuqvCP_gSAAAX223,16.62322661,-93.09458834,16.62417718,-93.08313955,2024-11-03 11:45:24
233,8fb11d90-7d6a-4cc0-98ef-817342e535f6,David Ruiz,9651062639,P1rkKYovuqvCP_gSAAAX224,16.6238154,-93.07886814,16.61482476,-93.0974789,2024-11-25 04:24:42
234,495b0197-f976-4e47-896b-0254a9be2008,David Ruiz,9651062639,P1rkKYovuqvCP_gSAAAX225,16.61431836,-93.09273655,16.60834962,-93.09613096,2024-11-17 07:02:53
235,ae569611-f603-4641-b367-612b1e378c8e,David Ruiz,9651062639,P1rkKYovuqvCP_gSAAAX226,16.6190158,-93.08669132,16.62121058,-93.08575955,2024-11-08 12:14:50
236,196f29fa-7e9a-4ae2-86f0-150eab7f0534,David Ruiz,9651062639,P1rkKYovuqvCP_gSAAAX227,16.61098187,-93.08141952,16.6135651,-93.08472469,2024-11-12 05:58:22
237,b6e7b210-2fdc-4cb7-9d6f-216958c90316,David Ruiz,9651062639,P1rkKYovuqvCP_gSAAAX228,16.61488194,-93.08182184,16.60682148,-93.08813177,2024-11-21 08:45:50
238,22301f0d-1887-4d42-9a00-8dfb26580512,David Ruiz,9651062639,P1rkKYovuqvCP_gSAAAX229,16.61060894,-93.08253915,16.61899113,-93.09724088,2024-11-11 04:41:08
239,ac6a9cb5-a24d-4042-b895-5d238411a186,David Ruiz,9651062639,P1rkKYovuqvCP_gSAAAX230,16.62009214,-93.08161259,16.61210496,-93.09471309,2024-11-05 15:16:46
240,ff3335e3-bdf1-40d2-bfad-6118e56c4de9,David Ruiz,9651062639,P1rkKYovuqvCP_gSAAAX231,16.6092169,-93.07833014,16.60758468,-93.08635544,2024-11-05 06:31:54
241,8c6b9b8c-3586-4440-832a-5aac9f7c32b5,David Ruiz,9651062639,P1rkKYovuqvCP_gSAAAX232,16.61633128,-93.0869678,16.62073823,-93.08835615,2024-11-28 08:01:10
242,701e7d99-28c5-4712-81cb-57c9c99ad606,David Ruiz,9651062639,P1rkKYovuqvCP_gSAAAX233,16.60758286,-93.09708733,16.62131369,-93.09057333,2024-11-29 14:20:10
243,7361a4cd-bbcc-4a17-b3bf-dae9d1fda146,David Ruiz,9651062639,P1rkKYovuqvCP_gSAAAX234,16.62440464,-93.08218729,16.62061012,-93.09740143,2024-11-28 12:05:31
244,8aba7b93-53c6-49b1-9515-a291341dfe14,David Ruiz,9651062639,P1rkKYovuqvCP_gSAAAX235,16.61967682,-93.09626775,16.62565907,-93.08573264,2024-11-04 15:47:28
245,927243b4-95e1-4fbe-ad40-73a479f96e9e,David Ruiz,9651062639,P1rkKYovuqvCP_gSAAAX236,16.61641272,-93.08773225,16.62392678,-93.09766434,2024-11-20 18:27:36
246,df77565b-2fc6-4381-bd8b-57fa6347596e,David Ruiz,9651062639,P1rkKYovuqvCP_gSAAAX237,16.61316079,-93.08105381,16.61507907,-93.08937065,2024-11-21 20:59:41
247,ac9e6542-8ccf-4d29-94cc-eca963b1a7bf,David Ruiz,9651062639,P1rkKYovuqvCP_gSAAAX238,16.61262634,-93.09796245,16.60937157,-93.08888704,2024-11-12 14:51:26
248,32166bf8-ef1d-4071-9d8e-7ba9a184f71a,David Ruiz,9651062639,P1rkKYovuqvCP_gSAAAX239,16.62447449,-93.08284801,16.62538313,-93.0831938,2024-11-24 08:43:32
249,c780a03d-e620-46ce-a19e-74fc9a272d7c,David Ruiz,9651062639,P1rkKYovuqvCP_gSAAAX240,16.61820607,-93.08329492,16.61044417,-93.08502071,2024-11-12 13:42:06
250,1b486901-c07a-4cc8-b3d0-4512fe053c1b,David Ruiz,9651062639,P1rkKYovuqvCP_gSAAAX241,16.61121785,-93.09662025,16.6245408,-93.08726489,2024-11-10 01:32:19
251,b4055425-4c36-4400-ab50-5e30586b3aaf,David Ruiz,9651062639,P1rkKYovuqvCP_gSAAAX242,16.6154152,-93.09175062,16.62429312,-93.09591299,2024-11-27 15:56:20
252,1de04018-b99f-483e-ac4d-3482c26ef505,David Ruiz,9651062639,P1rkKYovuqvCP_gSAAAX243,16.62231068,-93.08440802,16.62162826,-93.09352999,2024-11-26 06:43:41
253,f10bf6e3-8035-4e31-bcb7-a3e30f010336,David Ruiz,9651062639,P1rkKYovuqvCP_gSAAAX244,16.62116539,-93.0822797,16.62304647,-93.08667712,2024-11-19 11:04:36
254,d1923643-aab4-4e53-9e4a-120cfe916ef4,David Ruiz,9651062639,P1rkKYovuqvCP_gSAAAX245,16.6219963,-93.09484437,16.61379658,-93.08320562,2024-11-26 22:11:17
255,2627ed94-615a-4139-8216-f310b2675be3,David Ruiz,9651062639,P1rkKYovuqvCP_gSAAAX246,16.62455123,-93.0807291,16.62278167,-93.08734629,2024-11-10 19:06:30
256,5e2328b7-6ce1-4524-bd0d-39b0e5931dd3,David Ruiz,9651062639,P1rkKYovuqvCP_gSAAAX247,16.61906121,-93.08777565,16.61957689,-93.09463984,2024-11-19 00:41:44
257,beb6537e-9ce6-4c5c-a4dd-5dbe3a8789ad,David Ruiz,9651062639,P1rkKYovuqvCP_gSAAAX248,16.60574526,-93.07961075,16.6092826,-93.09198997,2024-11-06 04:42:35
258,d3a6c030-4465-4a64-b101-6894e261b7c5,David Ruiz,9651062639,P1rkKYovuqvCP_gSAAAX249,16.61596949,-93.08940319,16.62450359,-93.09822987,2024-11-17 05:21:14
259,8d7ab6b3-acb1-401a-8e9c-ceb9c77e4f7c,David Ruiz,9651062639,P1rkKYovuqvCP_gSAAAX250,16.61889475,-93.08269362,16.61197159,-93.08659952,2024-11-01 11:21:14
260,babb3d88-757f-4474-be5d-20bfd85786f6,David Ruiz,9651062639,P1rkKYovuqvCP_gSAAAX251,16.62161955,-93.0796999,16.60723801,-93.09077148,2024-11-03 08:27:20
261,bf59796e-8615-4934-aa7f-9736ae35eb54,David Ruiz,9651062639,P1rkKYovuqvCP_gSAAAX252,16.60930189,-93.07939017,16.62567719,-93.08551253,2024-11-04 08:30:00
262,49d688ba-6c27-4c08-814b-a8e18576e136,David Ruiz,9651062639,P1rkKYovuqvCP_gSAAAX253,16.62216156,-93.09695628,16.62381791,-93.10166572,2024-11-08 22:12:33
263,4ed84fd8-9e13-40ff-9fa6-3bf83c13ea18,David Ruiz,9651062639,P1rkKYovuqvCP_gSAAAX254,16.60593857,-93.08665324,16.6146033,-93.09130447,2024-11-29 02:02:13
264,ef3e6d67-7406-4c13-ac4d-de9f47e02ecb,David Ruiz,9651062639,P1rkKYovuqvCP_gSAAAX255,16.61068254,-93.09416157,16.61809289,-93.08800252,2024-11-28 02:25:51
265,5801f857-8e88-445d-9acf-4006755b4bca,David Ruiz,9651062639,P1rkKYovuqvCP_gSAAAX256,16.61720262,-93.08635612,16.62079035,-93.08929517,2024-11-06 10:26:46
266,0ae85552-5778-4c50-9a48-a48e1a021cec,David Ruiz,9651062639,P1rkKYovuqvCP_gSAAAX257,16.61701641,-93.08000514,16.62306134,-93.0889915,2024-11-06 02:30:09
267,b1d3248a-172a-4c77-a8df-817680b7a1f0,David Ruiz,9651062639,P1rkKYovuqvCP_gSAAAX258,16.60782574,-93.08665607,16.62526113,-93.08950931,2024-11-23 05:14:12
268,a9f84d40-db5d-4b02-9629-31805b968349,David Ruiz,9651062639,P1rkKYovuqvCP_gSAAAX259,16.61684663,-93.08425566,16.62418284,-93.09880146,2024-11-29 19:16:52
269,08c045fb-07da-423e-afb9-be36af571787,David Ruiz,9651062639,P1rkKYovuqvCP_gSAAAX260,16.62251959,-93.07973145,16.61673038,-93.09923562,2024-11-07 22:13:58
270,11d811f1-e6a9-4a92-b7db-9bd52e75d463,David Ruiz,9651062639,P1rkKYovuqvCP_gSAAAX261,16.60694033,-93.07857618,16.61888951,-93.09778045,2024-11-12 17:10:25
271,4e377bee-d8d5-4272-bc3f-9e65b4cd0cd0,David Ruiz,9651062639,P1rkKYovuqvCP_gSAAAX262,16.61409134,-93.08253711,16.62009626,-93.0893355,2024-11-29 04:19:48
272,82d6e2f4-7a4d-4b58-af85-1fc3e2b0a8e8,David Ruiz,9651062639,P1rkKYovuqvCP_gSAAAX263,16.61108079,-93.08398239,16.61473262,-93.09005986,2024-11-11 23:50:04
273,c74eb925-0f49-4be3-ad13-a4efe19b6f73,David Ruiz,9651062639,P1rkKYovuqvCP_gSAAAX264,16.61220745,-93.09079987,16.61261095,-93.09984684,2024-11-02 15:15:49
274,a6982326-a44b-427e-91b6-6b90416c026d,David Ruiz,9651062639,P1rkKYovuqvCP_gSAAAX265,16.62296092,-93.09703856,16.61325954,-93.09066781,2024-11-06 09:37:46
275,7f3ee04e-92cd-43af-9087-6ddd83d6a67e,David Ruiz,9651062639,P1rkKYovuqvCP_gSAAAX266,16.6213749,-93.09548257,16.62491324,-93.09465624,2024-11-01 04:51:44
276,b7d314d6-535d-4c4c-916d-8ca8aa25ea8a,David Ruiz,9651062639,P1rkKYovuqvCP_gSAAAX267,16.61455795,-93.09642602,16.60888653,-93.09399927,2024-11-11 17:58:28
277,d22e00cc-55ee-4b43-98fe-f3b1904e58d6,David Ruiz,9651062639,P1rkKYovuqvCP_gSAAAX268,16.6127024,-93.09237742,16.61120595,-93.10090532,2024-11-27 08:39:49
278,c839eb44-e497-4fc0-913c-4e934ee969aa,David Ruiz,9651062639,P1rkKYovuqvCP_gSAAAX269,16.61360941,-93.09099352,16.62079206,-93.09424505,2024-11-04 13:29:28
279,320e69e0-21c8-45eb-9c60-62dea8c14e4e,David Ruiz,9651062639,P1rkKYovuqvCP_gSAAAX270,16.61702919,-93.08033825,16.62152162,-93.09688856,2024-11-26 05:53:20
280,f85334af-3b97-4a2c-b212-ccb717de11a1,David Ruiz,9651062639,P1rkKYovuqvCP_gSAAAX271,16.62120926,-93.07866586,16.61790424,-93.09709408,2024-11-18 20:00:58
281,ccda09d1-5bbb-4e86-b0d0-ef9a687d9ab2,David Ruiz,9651062639,P1rkKYovuqvCP_gSAAAX272,16.6134274,-93.09601186,16.61182668,-93.08480536,2024-11-07 13:49:40
282,e0d1040c-1ea4-44a1-b07a-b3d2dc7ae0d0,David Ruiz,9651062639,P1rkKYovuqvCP_gSAAAX273,16.61486191,-93.09209362,16.6198823,-93.09668022,2024-11-01 01:01:13
283,30973e1a-c437-45fc-9e00-facae046b07f,David Ruiz,9651062639,P1rkKYovuqvCP_gSAAAX274,16.61480501,-93.07989999,16.61647588,-93.08731502,2024-11-26 09:00:42
284,874cbb43-6acf-4b54-ba3f-3bb29e758d49,David Ruiz,9651062639,P1rkKYovuqvCP_gSAAAX275,16.62503126,-93.094854,16.60687224,-93.08521097,2024-11-01 01:02:46
285,2f842983-406d-4426-a578-98908f2882ea,David Ruiz,9651062639,P1rkKYovuqvCP_gSAAAX276,16.62008482,-93.08901936,16.62003045,-93.09890842,2024-11-01 07:41:48
286,7696947d-03dd-4a68-b514-86a3eb16446d,David Ruiz,9651062639,P1rkKYovuqvCP_gSAAAX277,16.62046808,-93.09284812,16.61483091,-93.09320894,2024-11-14 02:36:44
287,7ceabd23-e3be-4b18-a97c-e80f67f90397,David Ruiz,9651062639,P1rkKYovuqvCP_gSAAAX278,16.62225919,-93.08534942,16.61909651,-93.08788001,2024-11-24 17:56:00
288,8bfbd0c2-34c7-4e48-bc21-277b4f970dbc,David Ruiz,9651062639,P1rkKYovuqvCP_gSAAAX279,16.61653659,-93.0826819,16.6085925,-93.10193579,2024-11-11 16:25:45
289,5e4fff85-990f-4208-860b-bb6b0276f625,David Ruiz,9651062639,P1rkKYovuqvCP_gSAAAX280,16.60919269,-93.08933258,16.62647867,-93.09725154,2024-11-01 03:08:03
290,7258385b-e076-4814-bcd8-ed52fd673b0e,David Ruiz,9651062639,P1rkKYovuqvCP_gSAAAX281,16.614497,-93.08405631,16.62222696,-93.0972965,2024-11-19 19:17:06
291,3b5733ec-b651-4ccd-9a7f-0742955e2cb1,David Ruiz,9651062639,P1rkKYovuqvCP_gSAAAX282,16.60988952,-93.07955238,16.60744591,-93.09446732,2024-11-25 19:18:14
292,94538239-59a2-4884-ba97-67750d821728,David Ruiz,9651062639,P1rkKYovuqvCP_gSAAAX283,16.61422533,-93.08541213,16.61619679,-93.08662855,2024-11-21 22:48:59
293,e74b6ddb-c63d-4827-b4d1-fa230c68190b,David Ruiz,9651062639,P1rkKYovuqvCP_gSAAAX284,16.61154209,-93.08568758,16.62617893,-93.10155042,2024-11-23 04:49:23
294,da8b35ec-f8d9-4187-9a58-09896a5ad772,David Ruiz,9651062639,P1rkKYovuqvCP_gSAAAX285,16.61482731,-93.08259399,16.62260521,-93.08515948,2024-11-20 16:35:04
295,753d54ed-98db-4ee0-aee9-f188425136ab,David Ruiz,9651062639,P1rkKYovuqvCP_gSAAAX286,16.62265875,-93.09315502,16.60936545,-93.09846698,2024-11-01 20:28:42
296,39a5d899-613c-4cf2-8ffa-0662decdc9a6,David Ruiz,9651062639,P1rkKYovuqvCP_gSAAAX287,16.6187263,-93.08319497,16.6117047,-93.09998786,2024-11-24 16:33:05
297,360f1350-2bdf-4d2b-8457-d1a1f93e91cd,David Ruiz,9651062639,P1rkKYovuqvCP_gSAAAX288,16.60656284,-93.07968493,16.61719266,-93.10213593,2024-11-10 13:40:05
298,ee669982-58c4-4812-9e7f-d858d33d0a01,David Ruiz,9651062639,P1rkKYovuqvCP_gSAAAX289,16.61916855,-93.09118612,16.62405069,-93.09879602,2024-11-07 17:49:57
299,533582c2-7db9-4b97-aa89-06243ea068d3,David Ruiz,9651062639,P1rkKYovuqvCP_gSAAAX290,16.60639031,-93.08601497,16.6165064,-93.09726061,2024-11-01 17:23:45
300,2eb7a855-87e9-4b92-ba21-2f0ba5a6a9bf,David Ruiz,9651062639,P1rkKYovuqvCP_gSAAAX291,16.6084949,-93.08133615,16.62001369,-93.0954765,2024-11-13 13:01:53
301,44fc572b-ef05-4404-8b49-ca5d207de407,David Ruiz,9651062639,P1rkKYovuqvCP_gSAAAX292,16.60800712,-93.0976083,16.62433348,-93.08705532,2024-11-21 23:19:59
302,63124f55-0193-406e-aec7-15235af1a000,David Ruiz,9651062639,P1rkKYovuqvCP_gSAAAX293,16.60735833,-93.09100115,16.62229405,-93.08750789,2024-11-27 14:43:28
303,6997d185-cd7f-4bcd-8171-e99c86f62968,David Ruiz,9651062639,P1rkKYovuqvCP_gSAAAX294,16.60954989,-93.08861962,16.62269581,-93.09000516,2024-11-28 21:49:22
304,ca1f1585-4575-42db-b3d0-296dcf95cdee,David Ruiz,9651062639,P1rkKYovuqvCP_gSAAAX295,16.61816864,-93.09650724,16.61586844,-93.09604302,2024-11-06 14:12:40
305,09512741-dbeb-429c-9bca-966437bd347e,David Ruiz,9651062639,P1rkKYovuqvCP_gSAAAX296,16.60620893,-93.08794284,16.60699431,-93.09540505,2024-11-22 11:04:34
306,a1d681ea-1bab-44ce-9649-b3917c0cf1ad,David Ruiz,9651062639,P1rkKYovuqvCP_gSAAAX297,16.61922469,-93.08217828,16.60731064,-93.08441867,2024-11-12 06:06:36
307,85177662-fabe-4067-b77d-459ac21b3fbd,David Ruiz,9651062639,P1rkKYovuqvCP_gSAAAX298,16.61504721,-93.08846037,16.62437022,-93.088641,2024-11-10 08:03:56
308,4724688c-a992-48a7-9c76-4e9a882270e2,David Ruiz,9651062639,P1rkKYovuqvCP_gSAAAX299,16.61125907,-93.09372862,16.60758347,-93.10073295,2024-11-21 21:53:32
